count,value
5,Biomedicine
5,"Biomedicine, general"
1,Artificial Intelligence (incl. Robotics)
1,Asian Culture
1,Atmospheric Sciences
1,Cardiology
1,"Chemistry/Food Science, general"
1,Chinese
1,Civil Engineering
1,Classical and Continuum Physics
1,"Communications Engineering, Networks"
1,Computer Appl. in Social and Behavioral Sciences
1,Computer Science
1,Computers and Education
1,Cultural and Media Studies
1,Culture and Technology
1,Digital/New Media
1,Earth Sciences
1,Energy
1,Engineering
